email,name,password,location,monthly_pet_days,monthly_salary,rating,bank_account,max_concurrent_pet_limit,job,address,deleted
tfeatherstonehaugh0@networksolutions.com,Ted Featherstonehaugh,vq4ODYd,East,,,,KW56 JNZL J1SJ 3Z9Q RBZM NXR5 TGVN IP,2,part_timer,5653 Duke Road,t
tdamant2@psu.edu,Tamra Damant,yMbqg9S9j,West,,,,IL74 7251 0125 4966 9353 565,2,part_timer,4178 Corben Street,t
hjindra4@comsenz.com,Hyacinthia Jindra,kLU25z,North-East,,,,SK33 5984 1254 1167 8570 4005,2,part_timer,63172 Oneill Street,f
chambric8@wordpress.org,Camilla Hambric,Il4Vi5T8pp,North-East,,,,DO41 RNSW 3197 3652 7256 4302 5198,2,part_timer,4 Wayridge Trail,f
jlattie9@about.com,Juliana Lattie,wUiwT2hV3i,West,,,,SM37 K194 0697 594Z IBF9 NI7P OH7,2,part_timer,3789 Sauthoff Avenue,t
creimsf@wufoo.com,Chloe Reims,ZBqEwNBIcGb,West,,,,DO60 F4XR 6231 4808 1607 8628 6457,2,part_timer,4253 Lunder Junction,f
lduffrieg@delicious.com,Lancelot Duffrie,0Cyx5oMN,North-East,,,,VG04 HVRT 8525 5614 5410 1792,2,part_timer,4875 Fairview Hill,f
skarslakeh@sakura.ne.jp,Sharla Karslake,wp8TwumuA,West,,,,SK30 0731 1610 7219 0116 7623,2,part_timer,1 Lunder Center,t
llawtyi@acquirethisname.com,Lalo Lawty,oYxm8f9H,West,,,,IL07 0119 2593 2997 1530 961,2,part_timer,9 Harbort Lane,t
rothickl@goo.gl,Ruddie Othick,wjpTNGQO,West,,,,PL29 9703 2937 8258 7629 5649 5859,2,part_timer,108 Westerfield Way,t
rmcgilroym@uol.com.br,Rozalie McGilroy,OD1YQGGKwU5r,North-East,,,,DE36 8176 1867 7574 9575 21,2,part_timer,796 Saint Paul Place,f
jhadleighn@indiatimes.com,Jenine Hadleigh,zAjsewQ2HjB,North-East,,,,SK66 1665 8137 5217 2213 2977,2,part_timer,5 Linden Road,f
rrogetr@google.fr,Rosalinda Roget,FgtLKRW,North-East,,,,HU80 4639 3629 7834 9730 6052 3759,2,part_timer,5505 Gerald Pass,t
mwatsams@ehow.com,Madelene Watsam,osLkOAq,North-East,,,,GL21 2632 8648 7181 04,2,part_timer,6 Trailsway Point,t
mlittefairv@odnoklassniki.ru,Martin Littefair,6wnQRCg9d8A,West,,,,MU89 IPIR 2522 0110 2882 5589 507U JM,2,part_timer,45797 Debra Alley,f
psemeredw@netvibes.com,Prudence Semered,NPUUmdpK7PW6,West,,,,BR72 2095 1081 0250 2221 4816 921T U,2,part_timer,471 Northfield Park,t
cgilardonix@mozilla.org,Claude Gilardoni,511n2SInEo,East,,,,AT07 7613 9342 9434 8870,2,part_timer,8327 Muir Circle,f
bdominkay@weebly.com,Brand Dominka,I57dkxQX,East,,,,DO39 12NC 3239 9680 6746 2480 6625,2,part_timer,0844 Arapahoe Street,t
cmossz@blog.com,Cross Moss,spMX69BHz96z,Central,,,,MK15 183W 9LGQ 3ZJ6 M94,2,part_timer,51 Myrtle Park,f
mmcmeekin10@issuu.com,Meade McMeekin,yC3gpby2gP75,West,,,,FR22 5218 4198 21MP OTZX QLMI N32,2,part_timer,880 Buena Vista Point,t
lmerdew11@sphinn.com,Lonnie Merdew,Am3ISp2VCG,West,,,,MU51 KIWC 2356 6474 9438 7901 885O MU,2,part_timer,6 Algoma Way,t
eseeds12@mapy.cz,Elton Seeds,SJg57ygl,West,,,,LI11 7072 53HI BSPY FCZC G,2,part_timer,20 Lukken Avenue,t
cramos13@skyrock.com,Cosmo Ramos,FwnluzyTdg,Central,,,,ME07 2239 9198 5766 2702 03,2,part_timer,5734 Carioca Terrace,t
acoase18@flavors.me,Allie Coase,agrZb9OVPPl,West,,,,SM83 F342 7956 590D AB6S KSF4 WX0,2,part_timer,5560 Jackson Drive,t
grisby19@odnoklassniki.ru,Griz Risby,gw8NO8fq,West,,,,LV17 NVNP XIUF IJJR 5SSX G,2,part_timer,0291 Melody Pass,t
jbrazur1b@about.me,Jed Brazur,OOkfQUQcOEs,North-East,,,,PS27 BUEQ 820O LUW0 PQOQ Q5DZ ACDP U,2,part_timer,5 Donald Place,f
hpease1d@virginia.edu,Honor Pease,vzsFP9PWV,North-East,,,,PT87 5604 0993 0897 6585 4656 0,2,part_timer,0713 Northfield Way,f
lgrundey1i@businessweek.com,Lon Grundey,2uvd5gxRZOp,West,,,,FI60 1078 3973 8376 47,2,part_timer,550 Rutledge Lane,f
bgeorg1k@uol.com.br,Bradley Georg,mX9yNFCdcr,West,,,,AD45 3854 3011 QXN1 QVCF ROTG,2,part_timer,895 Golf View Plaza,f
wchristall1l@behance.net,Walther Christall,u5oDpBCg984,North,,,,FR91 0210 1023 68AK RWNG 4TDY D76,2,part_timer,90 Dunning Place,t
pemmert1m@domainmarket.com,Pearla Emmert,Bs5lL12Lh,West,,,,GE04 OF65 1168 6777 8022 29,2,part_timer,4 Weeping Birch Crossing,f
slarby1o@google.fr,Susie Larby,F3T7GqwMoPN,East,,,,IE26 KJSM 0939 5483 6038 80,2,part_timer,81 Sullivan Trail,f
jcrosfield1w@abc.net.au,Jorey Crosfield,7fKRvbm4,West,,,,FR54 1800 6128 68CB JMCN Z4AJ V59,2,part_timer,4 Calypso Center,f
rhedworth1x@barnesandnoble.com,Reynolds Hedworth,dQxkr8Q362,North-East,,,,SE53 9095 6529 7313 4270 7771,2,part_timer,878 Elgar Point,t
wroseaman20@t-online.de,Wilbur Roseaman,2UrE1CPnq6K,West,,,,FR19 0170 9889 27JH 08DX HDKW I81,2,part_timer,8739 Havey Place,t
clippiatt25@seattletimes.com,Carmella Lippiatt,5pJv2ZGlL,North-East,,,,AD98 2201 6364 LUWY TA6Y JGH1,2,part_timer,460 Basil Pass,f
mrowling26@aboutads.info,Miner Rowling,qS38HQrlB,North,,,,GE68 CB74 4398 6137 4027 12,2,part_timer,020 Lukken Plaza,f
galleburton29@opera.com,Gwenneth Alleburton,5UYerh3EIzrR,West,,,,EE52 1197 3276 6509 9389,2,part_timer,4 Beilfuss Center,t
rcritch2c@webmd.com,Rayner Critch,pFMgXRyH,North-East,,,,GL98 7462 8818 8925 58,2,part_timer,615 Barnett Alley,f
ajepperson2d@google.nl,Angelique Jepperson,o4HHpAqHVBv,West,,,,AE70 0972 5907 6615 0165 618,2,part_timer,8 Mccormick Hill,t
wbramah2f@tripadvisor.com,Winston Bramah,Cq9aDp,Central,,,,CR14 4230 8187 0121 5135 7,2,part_timer,6 Mifflin Road,t
cmacdermand2i@jigsy.com,Claus MacDermand,gAiL4rsY9T5,East,,,,IL40 6625 2320 6274 2275 839,2,part_timer,8126 Manitowish Trail,f
bjordi2j@google.com,Bendicty Jordi,CWaqVYz,North-East,,,,MU48 UHIT 8165 0442 9284 8793 062F CX,2,part_timer,10 Pearson Trail,f
ccomelini2k@adobe.com,Creighton Comelini,CglMIx,North-East,,,,FO06 3799 2162 6513 34,2,part_timer,39069 Gateway Trail,f
torton2l@istockphoto.com,Tressa Orton,5euG4NI1p80F,West,,,,PT98 4417 1549 7458 2298 6507 6,2,part_timer,69073 Westend Circle,t
jcurtoys2m@simplemachines.org,Jackqueline Curtoys,p8EkOJ,East,,,,AD47 1901 0427 FTHR GWOC KELV,2,part_timer,28 Prairieview Parkway,f
srosengart2o@themeforest.net,Skelly Rosengart,XbrSQC5,West,,,,MK04 773B SWUF S0JW F44,2,part_timer,96 Fuller Avenue,t
bbarhims2q@vistaprint.com,Barry Barhims,L4zcWF,West,,,,FR19 8893 5470 49GG EJJE ZBWC W08,2,part_timer,12 Fieldstone Drive,t
tarmatidge2r@liveinternet.ru,Turner Armatidge,xCIso9iOkd3,North,,,,GB70 DTHP 1105 5060 3388 00,2,part_timer,7 Nobel Terrace,f
mbansal2u@time.com,Michelina Bansal,qhu0K4,West,,,,HU25 8196 1570 0788 2680 8091 8632,2,part_timer,78650 Autumn Leaf Pass,t
psynder2w@tiny.cc,Pansy Synder,99cnKSqJF7Pf,Central,,,,FR13 3708 0092 32R4 UJZ9 KCRQ Y46,2,part_timer,2487 Forest Run Court,f
gburbridge32@comsenz.com,Gilda Burbridge,recAEico,West,,,,SM72 C848 6138 251U 6H6B Q5JP NLJ,2,part_timer,18784 Stuart Lane,t
cwinley34@gravatar.com,Corenda Winley,kEX8iF4,West,,,,LU55 512M 4AAJ SJAI CPNV,2,part_timer,02 Hermina Court,t
cbransden37@msn.com,Constanta Bransden,46Pb8c,West,,,,KZ64 194Y UCFD SNMH 8BN3,2,part_timer,1080 Sullivan Center,t
opeasegood3a@friendfeed.com,Olly Peasegood,BELhXCAI,North-East,,,,IT43 P931 0646 7990 ESBN LPGI 0UW,2,part_timer,16 Delaware Parkway,t
crobjohns3c@utexas.edu,Cynde Robjohns,2q6KjcaI,North,,,,AL68 4521 0748 7HW0 WFWQ Z0A1 7VPD,2,part_timer,145 Ridgeview Park,f
jmichallat3g@deliciousdays.com,Jobi Michallat,6beyC3oxK,North-East,,,,IS14 1397 1490 4669 9100 8389 99,2,part_timer,962 Northland Court,f
mmish3h@amazon.de,Merilyn Mish,PqniGfI2S,West,,,,FR94 2029 8023 18OS YFSS GU0M A41,2,part_timer,98085 Eggendart Center,f
bbariball3i@free.fr,Balduin Bariball,dSQ2etnTY,North,,,,FR68 0794 7024 116M XNFR O07B T43,2,part_timer,7 Birchwood Parkway,f
gchippendale3j@census.gov,Gretna Chippendale,U07IkU9xVDI6,West,,,,FR13 3532 5783 46GA 2FPJ JDKN H96,2,part_timer,47 Cody Alley,t
dlarciere3l@stumbleupon.com,Dani Larciere,AAi24k,West,,,,NO79 8268 0794 792,2,part_timer,2425 Dexter Pass,f
theisman3n@goo.gl,Trescha Heisman,npxbNJdcO,West,,,,GE16 QX71 5644 2019 7141 02,2,part_timer,95 Sunnyside Center,f
mbamlett3p@google.co.jp,Mahmud Bamlett,XF5bNdWn,West,,,,FR50 2803 7230 78R3 VNLK BL75 R13,2,part_timer,0 Kinsman Drive,f
tpardie3q@imageshack.us,Timmie Pardie,oyTDYtnG,North,,,,GR80 3806 837I OMMZ WSWN 8FD3 V8V,2,part_timer,06 Bunker Hill Avenue,t
rbeekmann3t@narod.ru,Rosemonde Beekmann,FNC1Bd,North-East,,,,FR22 3061 4420 77GS ZJJZ 5KBC U64,2,part_timer,9841 Bonner Parkway,t
dgorusso3u@adobe.com,Darb Gorusso,KpIErcLYmjHw,North,,,,FR06 9350 4407 58GL O2YW LLYW F53,2,part_timer,4 Packers Avenue,t
credbourn3w@stanford.edu,Carolynn Redbourn,cXrCgBX3OBUK,West,,,,KW86 UGBM 8BE1 I4JY BLZ5 IBCE YMPY QG,2,part_timer,2 Luster Circle,t
salsford3z@ocn.ne.jp,Shandy Alsford,o5gKnYsO,North-East,,,,FR26 0911 8795 17C1 UOLV HWQZ C98,2,part_timer,136 Reindahl Avenue,t
amacgaughy41@cnet.com,Aaron MacGaughy,xIV7c79,North,,,,DK45 8466 7781 7388 98,2,part_timer,19 Acker Place,f
bcrellin45@wiley.com,Bail Crellin,C1i0hCjGlf0c,West,,,,SM66 N889 4669 474L 6KFI H7TH 5XU,2,part_timer,805 Melrose Alley,t
aleverett4b@ucsd.edu,Anabella Leverett,zUhSqB2O,West,,,,SI72 5891 1427 2728 641,2,part_timer,00074 Monica Avenue,f
jfenkel4c@barnesandnoble.com,Juditha Fenkel,DDXrPmYkyD,West,,,,MC29 4705 7108 00YP 26LS R5VH G34,2,part_timer,22 Erie Court,t
skleinplatz4h@about.com,Scarface Kleinplatz,gc7m2o,North-East,,,,DE64 2060 5406 2406 1952 28,2,part_timer,97 Hallows Terrace,f
miggalden4i@prweb.com,Mateo Iggalden,Lk7rjrk,West,,,,GB07 WXNY 8920 8614 3725 49,2,part_timer,3660 Mallard Circle,t
twilby4j@archive.org,Taylor Wilby,8iYqoxv,West,,,,CY86 3933 7853 XW2Y F2GL V0ON C12D,2,part_timer,690 Maple Wood Point,t
edagnall4k@odnoklassniki.ru,Evangelina Dagnall,iTRD97gO,West,,,,GB77 JZPM 6288 9694 0203 60,2,part_timer,5424 Bartillon Lane,t
amcgeffen4l@ucoz.com,Any McGeffen,Y8puO3LLA,North-East,,,,FR80 3557 5453 17QF JQO8 M5YZ Y20,2,part_timer,1 Kedzie Parkway,t
ctabourel4n@stumbleupon.com,Conny Tabourel,ctib24jq,North-East,,,,FO98 4455 5342 0221 33,2,part_timer,69 Spenser Court,f
vmace4o@arstechnica.com,Vincenty Mace,fct7lKe2Hlu,North,,,,EE86 5944 9153 9013 3458,2,part_timer,18652 Stone Corner Junction,f
fgrabeham4p@nifty.com,Filippo Grabeham,xaW3dzjxI,East,,,,RS47 6881 3291 3469 0218 25,2,part_timer,37 Hintze Hill,f
ablenkharn4q@blog.com,Ania Blenkharn,11OYOVvhT9U6,West,,,,MT84 ZVXL 6559 6M4V RAXT QZ8W NJBA HI5,2,part_timer,0 Maple Wood Drive,t
rjarratt4s@typepad.com,Ravid Jarratt,AhSS8WiHB,West,,,,AT84 2508 7803 4318 4794,2,part_timer,838 Arizona Hill,f
osearchwell4t@lulu.com,Olia Searchwell,v9DuPZ,North,,,,FR48 7298 8315 36EF ICDN MSDR F69,2,part_timer,2 Buhler Street,f
mverma4u@storify.com,Margaretta Verma,hE5O784rT,West,,,,BA82 9381 5748 3603 9340,2,part_timer,52 Westerfield Way,f
dchislett4v@foxnews.com,Dudley Chislett,64f6SY,West,,,,GI86 IGFZ PRON HCFE HG9E 7RO,2,part_timer,39300 Lawn Drive,f
lberrigan4y@rambler.ru,Lillian Berrigan,slyjZ1Ktq,West,,,,RS42 0943 8019 2836 0373 67,2,part_timer,4406 Bowman Circle,t
cmacdunleavy50@fema.gov,Candy MacDunleavy,OxM1iT,West,,,,IS96 7065 4316 1190 5656 2369 41,2,part_timer,805 Blue Bill Park Terrace,f
rhaughian52@miibeian.gov.cn,Raddy Haughian,kOXwkAXT2Dpq,North,,,,RO34 HPVS 6WP3 R4Y6 XC6E ZVUF,2,part_timer,1 Brentwood Circle,f
dciementini55@google.com,Damon Ciementini,RsRwTQj8,West,,,,HR04 3212 0095 5633 9579 0,2,part_timer,50056 Sunfield Terrace,t
lgiacomazzo58@flickr.com,Lily Giacomazzo,v5NlX2BPaMo1,North-East,,,,PL48 4010 8206 2098 4093 8137 0256,2,part_timer,17783 Grover Plaza,t
mclayborn59@ucla.edu,Mandie Clayborn,NPgg7Rusbq3,North,,,,SA43 90SB FRQX ZOHF XJQF BY8D,2,part_timer,798 Kennedy Pass,t
kfessions5a@free.fr,Kordula Fessions,9nuDUv4,North-East,,,,RS93 8323 5332 9035 4464 18,2,part_timer,12018 Ronald Regan Circle,t
cchatan5c@acquirethisname.com,Camala Chatan,mJzQDM,North,,,,FR38 5263 3862 312I SLBY 9UMI K61,2,part_timer,9320 Pine View Avenue,t
sjermin5f@tumblr.com,Stacey Jermin,ea8VFe,West,,,,HU45 9045 4894 2320 6688 3457 1659,2,part_timer,6 Crownhardt Street,f
glaurant5h@google.com,Griffin Laurant,zkQQq99dL,West,,,,AZ50 IBTI FVQY EYWQ XJDR FFWM X3FK,2,part_timer,06566 Grasskamp Point,t
hcloney5i@photobucket.com,Heath Cloney,Kd5oBFya,West,,,,MT19 NPXF 9865 6DAQ Q7JC YYEN WXPL KYM,2,part_timer,3 Luster Lane,t
wwippermann5j@ibm.com,Wendall Wippermann,eVf1nZC2pB,North,,,,FR28 6059 6670 86ZP HWJ8 4BEM B06,2,part_timer,263 Sherman Point,t
avinnick5k@berkeley.edu,Ailyn Vinnick,okqtMy,North-East,,,,FR83 0163 5953 40OS Y4P5 WYQE X37,2,part_timer,67523 Hagan Alley,f
kfahy5l@loc.gov,Kylila Fahy,6IXjjgU81m,North,,,,ME94 3113 2011 7330 1219 40,2,part_timer,89 Merchant Drive,f
rgreenstreet5m@craigslist.org,Riobard Greenstreet,lFRUodX,West,,,,LT11 3143 9196 5855 5669,2,part_timer,99 Rieder Parkway,f
jluck5n@kickstarter.com,Jobina Luck,vjv90FONdZl,West,,,,AE11 7455 3987 4539 0759 151,2,part_timer,54 Dawn Crossing,t
aharpin5o@miibeian.gov.cn,Anita Harpin,bLnn6m,North-East,,,,BG29 FJLH 6710 18IK XEXW CV,2,part_timer,99 Wayridge Point,f
geltone5p@canalblog.com,Glen Eltone,8ZbOPjqx,West,,,,SM72 O899 6365 175T RMCN IPF7 HYF,2,part_timer,39199 Monument Drive,t
tbexley5r@google.com,Tasia Bexley,S5OoEEH,West,,,,MT85 ELYF 7659 9B1A TGEC DGDF NEHI KO3,2,part_timer,32 Lyons Pass,f
amacknocker5s@ehow.com,Alain MacKnocker,Cp6Nur4zYtHP,North,,,,IE02 MMPP 0640 9539 9336 34,2,part_timer,046 Carberry Lane,f
rchaffen5t@google.co.jp,Romona Chaffen,tsZHjM6,West,,,,CR91 4295 3369 3058 4111 3,2,part_timer,597 Sunfield Way,f
mollivierre5v@deviantart.com,Micki Ollivierre,0wbkgBodd,Central,,,,FR92 9873 6055 05A6 2LBS 72WI K97,2,part_timer,200 High Crossing Avenue,f
lnorville5x@free.fr,Lennard Norville,IL19klp,North-East,,,,DE84 0367 0259 9732 6038 08,2,part_timer,76418 Jackson Trail,f
ovigneron5y@instagram.com,Orelia Vigneron,3KS3EOsa,Central,,,,AZ86 YMNQ GOGK BUYG IYET GRVD BMSS,2,part_timer,851 Susan Court,t
ldabney62@unicef.org,Lucius Dabney,3Ft9Az,North,,,,HU11 2449 6089 1604 1723 6834 4207,2,part_timer,5 Village Parkway,f
cmuffitt65@slate.com,Cal Muffitt,8Vd1jL,West,,,,FR18 1878 8261 65LP 5KSQ VU6D K55,2,part_timer,2 Sutherland Hill,f
mlawranson6a@tripadvisor.com,Millisent Lawranson,qgMl8oCjYYz,West,,,,AE88 6274 3370 4573 3725 000,2,part_timer,983 Burning Wood Lane,f
rnewcome6b@stanford.edu,Reginauld Newcome,irnxUVDSBm,Central,,,,GT61 TAQA RTAI JLRZ HISK ZOR9 QCP9,2,part_timer,2997 Mandrake Avenue,t
ewaggett6f@paginegialle.it,Emmi Waggett,vyzq9f,West,,,,ES20 7236 3083 6285 0679 6689,2,part_timer,05484 Corscot Place,t
dgooden6i@bing.com,Dalli Gooden,5h7id0eFZHa,West,,,,GI92 ALXA MX67 GPSL 3U58 AH7,2,part_timer,94064 Sutherland Road,t
atace6n@sogou.com,Antonio Tace,JBBWQCKeP6,West,,,,LT77 1573 9830 5980 4894,2,part_timer,374 Johnson Avenue,f
wgarfoot6o@ehow.com,Wally Garfoot,8p7i6f,North-East,,,,MT74 PLVE 0130 0KPA WFIQ BDDN X3DP K6P,2,part_timer,62 Arkansas Pass,f
oirons6p@google.ca,Ottilie Irons,NG61ffO2Bql,Central,,,,FR23 7208 0657 93YT ZCNU SHXT S18,2,part_timer,3 Pierstorff Point,t
mbussens6s@google.pl,Margot Bussens,zqI8GMdPX,West,,,,BG13 BMOV 9067 034O AXNY NN,2,part_timer,52032 Hagan Hill,t
agriston6w@apple.com,Abagail Griston,QXxgldeg,West,,,,ES42 2755 8032 3673 7081 7192,2,part_timer,3752 Buell Point,f
aglanville6y@hp.com,Antonetta Glanville,p8f4tRas,North-East,,,,BR41 1805 9196 0352 7890 4227 366P 4,2,part_timer,009 Orin Drive,t
cbartalucci71@flavors.me,Christos Bartalucci,xOwfWdNimhBF,North-East,,,,FR30 1275 5462 57HC FKH3 M3ZN H36,2,part_timer,563 Esch Drive,t
torrocks72@springer.com,Tootsie Orrocks,mxd8IGmYWzr,North-East,,,,LI14 3248 2YLO TAIL LVQO 2,2,part_timer,73 Gale Road,f
ryablsley73@skype.com,Robbyn Yablsley,A4ZHGUUMr,West,,,,ES81 4313 0388 0067 4079 2038,2,part_timer,2244 Continental Junction,t
tsoutter77@yellowbook.com,Tierney Soutter,c6KZ3B,North-East,,,,FR71 4587 1002 08XJ 8PFQ CRPK J80,2,part_timer,3 Everett Avenue,f
nesplin6z@nyu.edu,Noam Esplin,ZAIYwkclh,West,,,,HR49 0749 4395 6115 6291 6,5,full_timer,8 Ruskin Road,t
nbraybrook7d@eventbrite.com,Nonna Braybrook,WgyXv4PYox,West,,,,KW21 MCAU SVXJ HW4V 0OOU FSGP WZQC FP,2,part_timer,5868 Sage Street,t
ofrensche7f@purevolume.com,Orelee Frensche,NFvzovmpYfqt,West,,,,HU39 9683 7299 5197 5082 0470 8837,2,part_timer,06 Old Gate Road,f
colivera7h@buzzfeed.com,Camel Olivera,3aJmOslaOI,North,,,,AZ55 MRFN 6FNH 620C IFQ3 8VWX YYJW,2,part_timer,92 Brickson Park Plaza,t
froust7j@sogou.com,Fredra Roust,ry5so0XkT1H,North-East,,,,NO13 6268 7934 502,2,part_timer,005 Dottie Point,t
aposton7k@economist.com,Ailey Poston,fCAO0y1JpWBt,West,,,,PK83 DROF KGQE DPXZ 68BC TQRP,2,part_timer,029 Everett Drive,t
bhuett7l@hp.com,Brigit Huett,QmX0PDNtlQ,North-East,,,,TN18 7560 5707 2526 4987 1420,2,part_timer,686 Nelson Circle,t
wyounger7n@loc.gov,Waldemar Younger,TKjeCy,North-East,,,,ES51 4065 6698 2204 2116 7580,2,part_timer,7 Welch Way,t
pmease7p@apache.org,Pet Mease,Zow7dLV1M,West,,,,FR97 8081 2681 22KX OPHU VQAH F05,2,part_timer,05903 Moulton Road,f
mtape7q@sciencedaily.com,Martie Tape,JIIiNZ,West,,,,VG68 FOKQ 8320 9489 3708 4315,2,part_timer,4 Manitowish Center,f
slukash7s@cornell.edu,Sampson Lukash,bDChFo,North-East,,,,FR39 1317 8654 21RD DFFY PAFK T93,2,part_timer,293 Center Alley,t
hmaccarrane7v@whitehouse.gov,Horst MacCarrane,7AFo2rASLYoA,North-East,,,,PL14 2933 3746 0066 5278 8932 0516,2,part_timer,871 Bobwhite Circle,f
gburrett7w@rediff.com,Gwenora Burrett,hMGDaz4Q,North-East,,,,RO54 ODZM OJBU CXQB EDHC SXXF,2,part_timer,0549 Katie Parkway,t
pyuranovev83@dropbox.com,Porter Yuranovev,03ltN9QZoWQR,West,,,,MD89 RUA6 0XDR YXGO XWBM SZEJ,2,part_timer,805 Grover Junction,t
yvankov86@go.com,Yetty Vankov,vm6LXB,North,,,,FO81 7744 8870 1158 04,2,part_timer,10274 Waubesa Drive,f
lbradley87@squidoo.com,Laurie Bradley,3E2EAEIVG,North-East,,,,FR64 0936 3816 537P FWKD B7GZ D29,2,part_timer,18509 Mesta Center,t
mesherwood8a@paginegialle.it,Mill Esherwood,J98JXU8g,West,,,,MT98 QFWV 0943 4VOZ GHOC 5ZKY WFLT ZYU,2,part_timer,24754 Hallows Plaza,t
cthornally8b@sohu.com,Clemmie Thornally,Ea5a19vI4,West,,,,AD02 2475 8491 4LI9 HIDT BYZP,2,part_timer,41202 Monica Road,f
cmacmorland8d@phoca.cz,Cesar MacMorland,TPKIH8HJETU,North-East,,,,FR77 1495 6838 847S XJR9 DRU5 035,2,part_timer,619 Maryland Center,t
bgrasner8e@parallels.com,Blair Grasner,hXJgyBD,North-East,,,,TR61 9576 37GM 7FRC 3JTN WKKE VL,2,part_timer,39 Novick Lane,t
kharpham8f@auda.org.au,Katha Harpham,7oDeD7a6,East,,,,EE60 0125 4941 1233 5631,2,part_timer,54405 Kim Point,t
fpinnington8h@sakura.ne.jp,Fayth Pinnington,ceo3xyXNjl,West,,,,FR19 5089 4322 28TG AMLL DJTA O98,2,part_timer,85 Lunder Hill,f
dradband8k@ocn.ne.jp,Den Radband,WaPA2eebBoe,West,,,,FR54 9819 8241 96KY 24OA GJWA K08,2,part_timer,968 Norway Maple Trail,t
ebraga8n@forbes.com,Elbert Braga,79Sxa3MFAC,East,,,,FI50 9878 3201 1286 14,2,part_timer,015 Springview Terrace,f
tlambarth8q@wired.com,Teri Lambarth,qZVa0Xa6Vr,East,,,,LT56 9068 2358 2109 7432,2,part_timer,79953 John Wall Center,f
nflaxman8r@hostgator.com,Noell Flaxman,wNm74zKnML,West,,,,FO86 5787 9094 0396 89,2,part_timer,60 Sachtjen Park,f
vsibbering8v@alexa.com,Virgie Sibbering,TK9T9QPsn,Central,,,,BH02 VUGO Z4CN JUE4 NIBR BW,2,part_timer,3 Dakota Street,f
ilivesey8w@nydailynews.com,Issiah Livesey,RNgZIz8K,West,,,,MT04 AMLD 1236 9TMX EJUM X0U3 8AWN DCV,2,part_timer,9 Memorial Alley,f
hdalziell8x@independent.co.uk,Hurlee Dalziell,QtVbuHJL7,Central,,,,IE39 DKFP 6587 1289 2425 45,2,part_timer,12 Graedel Way,t
cjeffes8z@goo.gl,Cathy Jeffes,WW1edf7,West,,,,TR10 5244 7WAJ KUJJ RNUM OROW RL,2,part_timer,24 Warbler Trail,t
aatkinson90@reddit.com,Artur Atkinson,NSoUoOCB8j,West,,,,KZ03 874U KHOD ZTGX V0DM,2,part_timer,44444 Ridgeway Junction,f
dclavey92@dedecms.com,Daffy Clavey,WqijfiHsC9v,West,,,,FR43 3781 2366 48NA DKPT 0QX0 535,2,part_timer,9 Village Lane,f
bvayne93@businessinsider.com,Bernie Vayne,WRJzvd,West,,,,PL41 9672 8544 7471 0470 6635 9406,2,part_timer,6 School Point,t
gahlf98@unblog.fr,Gardy Ahlf,bCNEdNK6p,West,,,,AT68 2930 1378 9306 0317,2,part_timer,45636 Amoth Lane,t
estroton9b@jugem.jp,Ennis Stroton,lTn4TPF,North-East,,,,MK82 270G OFA4 LXLU 518,2,part_timer,7 Spaight Alley,t
cskelding9c@chicagotribune.com,Cash Skelding,Pt5yFsvF,East,,,,SE08 7784 3493 1834 2334 3904,2,part_timer,59560 Basil Center,f
rpashe9d@squarespace.com,Rhianon Pashe,1XK39fZWBIQ,North-East,,,,CZ27 6430 0393 5087 6554 6321,2,part_timer,5840 Walton Pass,f
abaylay9e@g.co,Ana Baylay,AnYpdDUJKv,North,,,,CR28 7752 2735 8996 8988 9,2,part_timer,35377 Gateway Park,f
rlindholm9g@accuweather.com,Rose Lindholm,ztV883c3k,West,,,,NO20 5106 3304 705,2,part_timer,2844 Mockingbird Crossing,f
vjuanico9h@forbes.com,Valentine Juanico,9WEgZs8LZwV,West,,,,BA73 5236 5827 1785 1578,2,part_timer,070 Warner Lane,f
cmadison9k@symantec.com,Caresa Madison,oygLgzzccOK,West,,,,TR79 7863 6SSF IHLN XE1W TYFT GW,2,part_timer,5609 Annamark Center,f
eborrie9m@google.cn,Ernie Borrie,D54iZbNLrUW,West,,,,LB41 9774 JCS6 6WES SYMD ZHVO LR5B,2,part_timer,2 Fairfield Point,t
mbembrigg9p@yahoo.com,Martelle Bembrigg,U9efpDK55Gf,North-East,,,,KZ92 9978 3CZN YN0Y 4DDY,2,part_timer,143 Hermina Trail,t
cwillerstone9r@ted.com,Carly Willerstone,UZqtklC5vfwo,North-East,,,,MC67 7270 9821 46RZ ICVE 9YDI I87,2,part_timer,075 Muir Pass,f
msheals9t@huffingtonpost.com,Madelena Sheals,hX5wgx5qhUqS,West,,,,AL45 3453 9161 ACGW NLNB E8MS BQ5W,2,part_timer,5 Moland Trail,f
mblare9v@state.gov,Mellisa Blare,NeyTenz,North-East,,,,FR36 9995 9097 49PZ 2PJF IUEZ L01,2,part_timer,5 Autumn Leaf Park,f
bhindrick9y@sakura.ne.jp,Brand Hindrick,4ZZ2zSwv,North-East,,,,FR16 5251 5606 62NN MQND 4QXQ J38,2,part_timer,3 Aberg Terrace,f
ksandyford9z@blogs.com,Konstanze Sandyford,IvIKWrNzFpV,West,,,,FR69 8857 9084 97LS 2NWJ 6LQH X53,2,part_timer,4009 Badeau Lane,t
swhybrowa1@chicagotribune.com,Stan Whybrow,mALlRyQ0IpS,North,,,,FR12 4793 5744 02WC PM6E NBDW T13,2,part_timer,02186 Cherokee Circle,f
agovea4@cisco.com,Aleece Gove,nn1N0l8zMe,North-East,,,,MD07 FF42 JWM1 DKG5 ZDJR ESPT,2,part_timer,7 Golf Course Parkway,t
cnealbm@army.mil,Carley Neal,DMdUVKEJVVb,North-East,,,,IT96 K938 4174 115I ZUEA UGQE AXV,2,part_timer,48 Mitchell Park,t
gdallindera6@livejournal.com,Gearard Dallinder,DBJc1nYfg5kC,North-East,,,,PK70 XQXI WHVP 0S9H DKKX BA5P,2,part_timer,39286 Towne Terrace,t
scardenosoa7@mozilla.org,Sherill Cardenoso,bBkfKy0bETwL,West,,,,MT86 CDMU 7843 69CZ NH72 D1YD BJW3 EKH,2,part_timer,3440 West Junction,f
sgandersa8@army.mil,Saundra Ganders,7IcM6GAU,Central,,,,PS16 RXCY GJAQ M0EE CQAY XP8P EJ1E A,2,part_timer,7 Red Cloud Crossing,t
tdorricotta9@globo.com,Tedmund Dorricott,FpzK1FGDH,North-East,,,,LT70 7695 5909 6706 6398,2,part_timer,2858 Vermont Way,f
ehoonahanaa@bloglines.com,Elmira Hoonahan,wKqxqesNWe,West,,,,BG90 FDEZ 0744 10MM EUNV 79,2,part_timer,90 Chinook Court,f
ktymac@dyndns.org,Kit Tym,YpJbbeqtL,West,,,,FR21 6021 0469 10TP DAGH VQIZ Z61,2,part_timer,9 International Center,f
aasserae@admin.ch,Ainslie Asser,khxPhFhOWeU1,West,,,,FR58 3350 1686 233Z MQFM 0ZWP M94,2,part_timer,7 Melody Parkway,t
mberzinsan@bbc.co.uk,Marthena Berzins,ulwWxMPN,North-East,,,,CR69 0922 4237 7230 3029 8,2,part_timer,01 Birchwood Court,f
ggotthardsfao@fastcompany.com,Gustavo Gotthard.sf,B9KJ9oVt,Central,,,,GI68 NGDA F17F QG03 ASXP EDH,2,part_timer,614 Forest Dale Court,f
mwittenap@merriam-webster.com,Moyna Witten,nocp1Vvdcj,North-East,,,,RS29 1048 4528 6952 4220 54,2,part_timer,8244 Namekagon Avenue,t
tstoylesar@foxnews.com,Tremaine Stoyles,b48B2sGv,East,,,,BG41 JOFP 8386 53ZB QYCG QH,2,part_timer,4198 Larry Way,f
jtzarkovav@flickr.com,Jan Tzarkov,OzcEd4GG,West,,,,GI98 QYVJ TYBL GK9G JUAQ EXG,2,part_timer,1 Glendale Circle,f
pfishpooleaz@mediafire.com,Page Fishpoole,O6NG2r,Central,,,,FR75 6760 4204 322K 6DZY SAPT 870,2,part_timer,57 Westport Street,f
kstopfordb0@apple.com,Krystalle Stopford,RakxLl8,West,,,,LI16 8689 0XKI XRF5 9SFT M,2,part_timer,85910 Grim Lane,t
jszymanowskib2@sun.com,Jojo Szymanowski,JHOPvrqx3gE,North-East,,,,IS42 6637 8203 2937 2096 2829 50,2,part_timer,24086 Derek Lane,t
khealksb6@webmd.com,Kathleen Healks,GtjVN6cudt3,West,,,,SM29 P822 0496 568Z 4FDQ UGPY DRL,2,part_timer,6 Glacier Hill Terrace,t
jdykab8@opensource.org,Jane Dyka,UEutbr,West,,,,IT87 R582 0547 714S XFYX D7FV VCF,2,part_timer,892 Crowley Alley,t
hdykaba@japanpost.jp,Helaine Dyka,eOudbXYu,Central,,,,BG20 SSJQ 2037 86KG HFQR QK,2,part_timer,2723 Arrowood Crossing,t
bhectorbc@thetimes.co.uk,Boote Hector,22yBDK,West,,,,NO02 9146 0539 233,2,part_timer,959 Summer Ridge Point,t
volletbg@uiuc.edu,Vin Ollet,u6tOULJw,West,,,,IE74 LPMW 2425 0804 8361 90,2,part_timer,36 Luster Junction,t
msketchad@yandex.ru,Maxie Sketch,V6YEeL,West,,,,TN59 9564 3190 9557 7771 6498,5,full_timer,3 Harbort Street,t
mtownbybn@e-recht24.de,Mario Townby,8KpQltzU,North,,,,HU59 2097 5488 9558 1021 2218 3687,2,part_timer,968 Mcbride Way,t
jlidellbp@abc.net.au,Jacquelin Lidell,4DH9sjZBn,West,,,,AL42 2347 9061 QESM R2TJ VTHS LTS1,2,part_timer,34 Ridgeway Plaza,t
claugabs@flickr.com,Carol Lauga,RscC5aL,Central,,,,CR48 5633 6270 2234 7969 6,2,part_timer,507 Bunting Trail,f
dkynstonbt@telegraph.co.uk,Dulce Kynston,J6hJfEkACB3f,West,,,,BG10 TDJQ 9329 91FV UQD7 GW,2,part_timer,00 Loeprich Road,f
eferrierbv@nhs.uk,Evvy Ferrier,RVsLZmPLWnp,North-East,,,,KZ26 067R A3DG QEWQ 9NUO,2,part_timer,3912 Glacier Hill Plaza,t
psheardsbw@cyberchimps.com,Paten Sheards,nTFd3TOxvw,North-East,,,,SA12 47DU VFSC EGFD U5LY IDZC,2,part_timer,399 Rigney Place,t
mricardoubz@webmd.com,Meggy Ricardou,fdzvMjT9jz3,West,,,,SI76 2840 3504 8027 963,2,part_timer,1397 Farmco Court,t
ddrayc0@delicious.com,Dionne Dray,AN60ozBa,West,,,,AZ81 CPWT AD2K 8MCN UESZ LKIY 8VOI,2,part_timer,75 Algoma Terrace,t
rdimnagec3@stumbleupon.com,Reyna Dimnage,2hYHMCN6,West,,,,GT21 0XC4 XSMG SHQV 9QXH 16OM HTNY,2,part_timer,87 Chive Lane,f
jgarrandc4@unblog.fr,Jacquette Garrand,Ao3qF3ycVW9,North-East,,,,IL52 9926 6588 9159 6019 066,2,part_timer,8960 Elka Point,f
hmulranc6@bbc.co.uk,Harper Mulran,B0GSjiJZFV,North-East,,,,AZ51 PIPD 7AB7 VF9W BNDQ EQK6 UQ9J,2,part_timer,7941 Montana Point,t
ashealc7@mysql.com,Abigael Sheal,fYwcMpJ,East,,,,BA51 1096 5188 4564 2340,2,part_timer,74538 Elka Crossing,f
mantonatce@trellian.com,Maris Antonat,fyfeQ6Am,West,,,,CY08 9956 0686 E3RB RUAG 7HWO CRVB,2,part_timer,7 Shoshone Crossing,t
fdaenscg@ebay.com,Frederique Daens,vHS5H3Ej8,East,,,,FR86 6058 5491 71EH EW5F SDPM F50,2,part_timer,8 Sage Way,t
aperonch@gizmodo.com,Anthea Peron,vUYgIwLEKZ,West,,,,MC79 6945 2509 701F 0RVV 1SXH P57,2,part_timer,3910 Goodland Junction,f
tgawnecj@tuttocitta.it,Tammi Gawne,dYRxKQOW,West,,,,DE46 7607 5073 6430 0926 64,2,part_timer,0545 Pine View Point,t
ubonnettecn@xrea.com,Ursala Bonnette,jLNd0prJOxd,West,,,,NL56 FSKV 7654 9489 84,2,part_timer,331 Bashford Road,f
abudnikco@g.co,Alisander Budnik,RvoAUa,West,,,,AZ16 TUWI PM7U DF9A CDBU XBMK G3RA,2,part_timer,3658 Cherokee Alley,t
ahuisoncr@canalblog.com,Andrea Huison,GnGI7vqcJ,North,,,,AZ21 DEBW 0F6J CNHZ OEL4 ZYJN NUJK,2,part_timer,8 Bay Park,f
awapolcs@webnode.com,Annamarie Wapol,PaaZUYmxiXOR,West,,,,CH02 0370 3AAD BEK0 IIRD 9,2,part_timer,73 Glendale Court,t
ncordyct@list-manage.com,Netty Cordy,MfOp7ICk8Zmx,North-East,,,,FR18 2856 3629 48XK PCLN JLXB S47,2,part_timer,485 Linden Place,f
mgovescv@timesonline.co.uk,Martyn Goves,IJHhFVNmkFEN,East,,,,AZ39 YCHI DXGD GFRH 04ZZ 27I0 YBEP,2,part_timer,63 Westridge Hill,t
sdunkleecx@surveymonkey.com,Sheff Dunklee,TpevxDORop,North-East,,,,AZ14 BGTA TIG5 KX19 UGGK MNYC MOE9,2,part_timer,6 High Crossing Park,f
tdufercz@prnewswire.com,Town Dufer,w8vDs2Rek,North,,,,FR69 2791 3276 85G1 FMOX TXOR C37,2,part_timer,5831 Lighthouse Bay Park,t
flamied1@google.pl,Flo L'Amie,M5UuN8Jnts,North-East,,,,CR43 0232 1135 4306 4201 7,2,part_timer,08698 Golf Course Court,t
jmcbrided2@pinterest.com,Jobyna McBride,XOubPRdxx,East,,,,FR03 8858 2022 33VB JWFY 6QUA Q82,2,part_timer,94 Susan Park,t
lhellyard3@epa.gov,Loydie Hellyar,OQQhTvwk9,West,,,,IT96 M560 2426 855C OJBQ 0EDT 0BL,2,part_timer,44481 Acker Lane,t
mmalinsond4@oaic.gov.au,Marcela Malinson,2FIlHWr,West,,,,LV42 OZLH KMHR 1VC9 P0YO D,2,part_timer,1572 Knutson Way,f
ftyersda@typepad.com,Fremont Tyers,I1pXMV,North-East,,,,IE60 XJRA 8208 9784 7109 63,2,part_timer,996 Ryan Point,t
ahelksdb@abc.net.au,Avrit Helks,S0dgC89yVjI,North,,,,BH72 KZXX DN8X UJI6 B0SF V4,2,part_timer,8 Lakewood Pass,t
bshilstonedc@sciencedirect.com,Bradley Shilstone,g3AI9QP2skjb,West,,,,CH36 5460 9PN8 KH8K BFNN C,2,part_timer,76 Magdeline Point,t
adominguesde@ycombinator.com,Amil Domingues,zbQld27guCU2,North-East,,,,DO93 QLAS 6985 7884 6392 3599 3737,2,part_timer,69 High Crossing Lane,t
nkinnydg@etsy.com,Neala Kinny,czp8RVzF,West,,,,FR92 5573 8665 288T 9AQX UYUW V88,2,part_timer,1 Towne Place,t
bbohlerdh@pagesperso-orange.fr,Buiron Bohler,vanQaeQhw,West,,,,MT50 MMHT 8746 8WEK ZZII 9RTL P6SL 7BH,2,part_timer,45624 Onsgard Center,t
prowcastledo@netlog.com,Pauli Rowcastle,RlsGZF,West,,,,FR53 2207 8005 84MU C39C PKU4 T00,2,part_timer,56802 Onsgard Park,t
lchaslesdq@thetimes.co.uk,Lynsey Chasles,t2Oj5oJ,East,,,,AE76 4734 3342 9133 7366 411,2,part_timer,451 Redwing Junction,f
bekinsdr@reference.com,Branden Ekins,8JhcVLmPE,West,,,,NO97 4684 5931 305,2,part_timer,9 Shopko Center,f
twaymontds@indiatimes.com,Tine Waymont,4B5sOf7,West,,,,FR50 0716 1415 13AU PJAI XLJD Y39,2,part_timer,9 Grasskamp Way,t
byurygyndt@time.com,Brina Yurygyn,1bMctV,West,,,,FR24 1429 1017 70JD QI3O DPTA P08,2,part_timer,8 Tony Hill,f
lklugedu@dmoz.org,Lottie Kluge,jZd47TwYtzi,Central,,,,ES55 2335 4613 1298 2366 2064,2,part_timer,21 Westerfield Hill,f
yvalentimdv@imgur.com,Yasmin Valentim,mUcAi9NL7,North-East,,,,DE20 5044 2650 1043 9441 00,2,part_timer,0 Gerald Crossing,t
ssleep1@barnesandnoble.com,Sharon Sleep,eXa2s1ST8,North,,,,DO68 ND2Y 5911 6357 8703 6093 7498,5,full_timer,88 Maryland Court,t
mhatherill3@washington.edu,Muffin Hatherill,Yj4DND4Se9Gj,West,,,,ES20 9582 0072 6747 0891 5049,5,full_timer,004 Glacier Hill Street,f
mde5@phpbb.com,Morlee De la Zenne,5VJfL4P2ZUG,East,,,,GE34 EY71 0971 1835 5542 30,5,full_timer,184 Schiller Trail,t
cjays6@utexas.edu,Creighton Jays,BqzDtJvU,North,,,,DK05 8668 5114 3307 94,5,full_timer,54 Butternut Alley,f
hdigg7@jiathis.com,Hertha Digg,Oj0Pg1Gn,West,,,,LB33 6741 5HRO RJUO OQ4P YEY6 82AE,5,full_timer,32 Gateway Point,f
qgatrilla@si.edu,Quillan Gatrill,TTY73yQgAK1,North-East,,,,LI82 1490 4PHH 1SVO TOCD Q,5,full_timer,8 Armistice Crossing,t
rschimankb@weibo.com,Rachelle Schimank,sjQTCW,West,,,,GR73 0886 480Z T7XK UFOB XVBG FAV,5,full_timer,1904 La Follette Parkway,f
slukashc@virginia.edu,Shalom Lukash,okcSctqJYJDz,North,,,,PT87 2043 8504 8099 0870 1975 9,5,full_timer,7876 Muir Avenue,t
mmarinerd@virginia.edu,Merline Mariner,h3xCSDf,East,,,,HU70 3074 2781 6216 5908 7775 7191,5,full_timer,52734 Old Shore Center,f
ahancocke@youtube.com,Artair Hancock,knJ9wVolK1SQ,West,,,,EE28 0749 2911 0526 9127,5,full_timer,06241 Melvin Way,f
lgippj@cyberchimps.com,Leanna Gipp,HUAJtEEqs2,North-East,,,,IL33 8461 9399 8519 9879 153,5,full_timer,88857 Bultman Terrace,f
pdenyagink@qq.com,Price Denyagin,m6W0P2NOW37,West,,,,AL58 4010 4366 UV1W CFOL KLOC ZQQO,5,full_timer,1649 Melvin Terrace,f
jbatcheldoro@opera.com,Jessica Batcheldor,QnHw6g,West,,,,KW41 SXKP MZWF JDDT UPLX YUYS LJG5 ZT,5,full_timer,14 Erie Street,t
swebbyp@fda.gov,Sky Webby,LJmLU6tg,North-East,,,,LI54 7551 0VPJ SGG1 V8XJ 8,5,full_timer,71445 Scoville Circle,t
mbumphriesq@hostgator.com,Martina Bumphries,ZqmksTDFvITa,West,,,,NL24 LOYR 0827 8426 13,5,full_timer,0 Linden Avenue,t
tmanzt@flavors.me,Thornie Manz,4GC9kcW53dVx,West,,,,FR31 6176 5043 48XB BS7L C34O F04,5,full_timer,945 Buhler Pass,t
mgonsalou@mit.edu,Melinda Gonsalo,QDRMisO,North-East,,,,PT27 0244 8432 8529 5959 6714 9,5,full_timer,66331 Elmside Plaza,f
rchazelas14@moonfruit.com,Rudiger Chazelas,98Q7bQE,West,,,,IL57 9986 9456 3719 2496 479,5,full_timer,578 Center Street,f
fillingsworth15@scribd.com,Farlee Illingsworth,tv1AcV,North-East,,,,KZ74 607T YSNV 2VXT QEHW,5,full_timer,6099 Del Mar Street,t
lsprason16@furl.net,Leo Sprason,sZSToAN,West,,,,FR25 7281 7243 45FW VEWS LA9V H73,5,full_timer,37 Merrick Alley,f
dmcgeechan17@ucla.edu,Dilan McGeechan,4IAhx4xKzeA,West,,,,NO25 4607 4105 735,5,full_timer,73884 Kings Drive,f
yadamsen1a@storify.com,Yetty Adamsen,5yP2iJ,West,,,,FR81 0103 8740 54P0 AAC0 FLLQ M38,5,full_timer,483 Birchwood Center,t
rhammonds1c@github.io,Renata Hammonds,XZXCtp3,West,,,,FR28 0488 2339 862E WRLV YASL E60,5,full_timer,1779 Bluejay Pass,t
dhazart1e@google.com.br,Danna Hazart,rGOs5vs,North,,,,CH64 9245 5KOA VJLH EYME Y,5,full_timer,2 Larry Way,t
gdoget1f@macromedia.com,Germayne Doget,PHin1mk,North-East,,,,BR55 2381 0044 9106 4406 1311 511R T,5,full_timer,3553 Luster Avenue,f
mstancer1g@phpbb.com,Mattheus Stancer,Ai9ksD,West,,,,GT77 YSLD 0NYM AG4X Y1OP H4N5 2ZGG,5,full_timer,9743 Lawn Park,f
aromney1h@howstuffworks.com,Abra Romney,EhPIqInynLn,Central,,,,PL28 2927 3352 5912 4885 3825 8409,5,full_timer,65871 Vermont Terrace,f
ifrears1j@latimes.com,Izaak Frears,RbMcdfbwdKx,Central,,,,HR29 7988 8355 6190 8645 3,5,full_timer,14574 Golf View Circle,t
jmartellini1n@1und1.de,Jocko Martellini,fM3eX59ww,North-East,,,,PS39 YYYV HD1I MD57 MTUA KI2V 90XH Y,5,full_timer,8 Northfield Avenue,f
vrantoull1p@rediff.com,Vida Rantoull,HJmF7t1qZ,North-East,,,,LT43 6238 5427 0122 8379,5,full_timer,75103 Oak Valley Circle,t
gmossom1q@oaic.gov.au,Guthrey Mossom,Uex90YWd,North,,,,AZ77 PMRL W4C7 JX5W XHBQ VPKD YOWD,5,full_timer,36790 Roth Terrace,f
bwardlaw1r@bing.com,Bradly Wardlaw,XOvoE49,West,,,,PS86 JAZB FYU6 CHNX WYRQ ED7T UM3V Y,5,full_timer,6 Mendota Point,f
kbabonau1s@sun.com,Klarrisa Babonau,8kVsVqdV,West,,,,GB83 UBYO 8617 4865 7409 18,5,full_timer,5275 Delaware Point,t
croman1t@xing.com,Christean Roman,A1FaS6BhMu,West,,,,VG28 KJXC 3382 3119 1401 5926,5,full_timer,125 Grover Way,t
karnao1u@nifty.com,Ki Arnao,mpjehOy4bG,West,,,,GL80 5888 9954 2117 39,5,full_timer,26985 Rieder Street,t
jknottley1v@usnews.com,Jojo Knottley,x44iw9imbXP,North-East,,,,GE28 EV55 8275 3411 3119 67,5,full_timer,74 Northridge Avenue,f
cunderdown1y@yandex.ru,Cherri Underdown,hYIVFGOmfnH,West,,,,MK12 685C TNSR SSXQ R99,5,full_timer,63 Village Park,f
wmuston1z@sourceforge.net,Wilhelm Muston,b3cijBO91,North-East,,,,FR42 0409 3365 30GZ E6UK T1P0 994,5,full_timer,4688 Buell Avenue,t
rnevet21@ftc.gov,Ricki Nevet,uQXmPvlXK,North,,,,ES53 3743 5983 4540 4024 3146,5,full_timer,310 Northwestern Drive,f
clehon22@sitemeter.com,Carly Lehon,Yz8qzEmuQ2,North,,,,DK87 0794 5367 9721 53,5,full_timer,95613 Meadow Ridge Plaza,f
gmayou23@a8.net,Giovanni Mayou,07OS4RgDfSt,West,,,,RO86 PPLE 2SWA P35P EE2H SMM1,5,full_timer,054 Oak Place,f
aobrien24@walmart.com,Anne-corinne O'Brien,Bvmwq2,West,,,,MR49 9633 8180 6123 2759 5717 753,5,full_timer,1224 Mitchell Lane,t
mlouca27@hugedomains.com,Marge Louca,vsZCB060N31Y,North,,,,SE31 3123 1392 3736 3874 6209,5,full_timer,539 Burrows Road,f
rcollingham28@japanpost.jp,Roberto Collingham,ZrJVfruq7A5,North,,,,GE67 JP36 3215 7846 4249 71,5,full_timer,9633 Di Loreto Crossing,f
tklosterman2a@ebay.com,Tracy Klosterman,Eq7j8QiS,West,,,,RS31 6923 3958 0067 8388 59,5,full_timer,0215 Schmedeman Junction,f
lhargerie2b@youku.com,Linette Hargerie,0r6utjAP,North,,,,ME71 5615 6399 9028 1361 93,5,full_timer,754 Melby Way,t
jcarsey2e@washingtonpost.com,Justinian Carsey,UZz4IG,West,,,,RS88 3782 3022 1151 8090 54,5,full_timer,1692 Cardinal Park,f
ccliss2g@engadget.com,Catlin Cliss,9x0fS3xLmUOe,North-East,,,,SA63 59NN KP4M PXFC UODF PHLJ,5,full_timer,60835 Autumn Leaf Terrace,t
lmarshman2h@sourceforge.net,Laurie Marshman,3Pv7MUSK,West,,,,PT91 2639 7865 9123 5349 1004 8,5,full_timer,9 Miller Alley,f
mhriinchenko2n@lycos.com,Munmro Hriinchenko,ylCI1L8Bdu,West,,,,FR07 5884 5756 25FQ I2C6 P1H8 T76,5,full_timer,24226 Di Loreto Plaza,t
mnapoli2p@ehow.com,Maisey Napoli,ijLclW47,North-East,,,,BG13 GXGY 7939 186V LOVH CD,5,full_timer,32784 Cardinal Circle,f
gnesterov2s@clickbank.net,Gabby Nesterov,goxjjyf,West,,,,FR98 1512 1097 03RW SL9W QNCD J32,5,full_timer,62 Elgar Point,t
ttreanor2t@tripadvisor.com,Tobiah Treanor,dWmhITDl9L,West,,,,FO14 5371 1415 2805 36,5,full_timer,9 Tennessee Junction,f
atattershaw2v@ftc.gov,Addie Tattershaw,3zXpJRQ9,North-East,,,,RS53 1480 7613 5921 2038 12,5,full_timer,74 Marcy Alley,t
alacaze2x@edublogs.org,Ashely Lacaze,5K3K6R,North-East,,,,FR06 2036 3170 33OR GRUG WUIG R61,5,full_timer,9868 Bluestem Parkway,t
kcordelle2y@shinystat.com,Kent Cordelle,p7TVXCxi,North-East,,,,IS53 8434 1392 1547 1392 0768 99,5,full_timer,1 Anthes Avenue,f
accomini2z@example.com,Aylmar Ccomini,MTgnAefBE,West,,,,BR95 1846 6851 8077 7474 4476 444U V,5,full_timer,37629 Bobwhite Crossing,f
okilgallen30@bloglovin.com,Oneida Kilgallen,yivyfTZ,West,,,,NL29 IRJC 4849 9339 03,5,full_timer,62576 Porter Parkway,f
tstreader31@tripod.com,Torre Streader,gSKVZMN,West,,,,LI63 1179 42CR F5IK SFQJ Y,5,full_timer,4 1st Center,f
kmallaby33@symantec.com,Karena Mallaby,Zp9gcNGOx,West,,,,FR78 7563 8605 35IQ 2P4M JIGW P00,5,full_timer,6956 Carey Crossing,f
hgrenville35@instagram.com,Hoebart Grenville,z05gvCzvFoFq,East,,,,BR38 8432 1370 7850 2598 1419 395C I,5,full_timer,0183 Redwing Parkway,t
ddumini36@rediff.com,Dore Dumini,MICSn4,North,,,,SA64 69SZ WNQQ 3ONK 1JQA XSPN,5,full_timer,38282 2nd Junction,f
gdyball38@delicious.com,Gui Dyball,hdsoApe3,North-East,,,,FO54 3263 5950 9277 32,5,full_timer,7963 Nevada Avenue,f
jtidswell39@umn.edu,Jacquelin Tidswell,brmdG5dyWh,West,,,,FI82 0340 2438 3768 96,5,full_timer,70 Roxbury Lane,t
vjojic3b@bloomberg.com,Violante Jojic,CyKAyRAvN,Central,,,,MR48 0207 1119 7899 2853 1233 413,5,full_timer,772 Shoshone Avenue,t
tpfaffel3d@com.com,Terrye Pfaffel,z2cgfJBWas0,North,,,,FR13 9003 9584 68Q7 B108 EXOQ V11,5,full_timer,53 Onsgard Circle,f
dbasset3e@jugem.jp,Dalt Basset,CFVfPK,North-East,,,,FR63 5534 2776 46AU GRK5 DKKQ 092,5,full_timer,4 Meadow Valley Trail,f
fhayler3f@stumbleupon.com,Florenza Hayler,KI5cItY7N43,West,,,,AL12 9228 8884 MO5A OOWF HVV0 1AU9,5,full_timer,170 Kedzie Terrace,f
zharesnape3k@sbwire.com,Zak Haresnape,bmxxf5KeiH,West,,,,MR71 8738 2069 4226 1445 6335 069,5,full_timer,4 Riverside Park,f
mshiel3m@hp.com,Mitchell Shiel,1fi4QO,West,,,,BE87 1546 2625 3136,5,full_timer,1142 Hermina Crossing,t
gunsworth3o@facebook.com,Gilda Unsworth,nxKV3l8Lqw,East,,,,DO67 5AW7 1767 6968 8609 7449 1055,5,full_timer,095 New Castle Junction,t
jrosenbloom3r@tiny.cc,Joela Rosenbloom,i7iwxyZq,Central,,,,GI15 OEPH VRUO WHSU WSTQ WPP,5,full_timer,878 Truax Circle,f
bsidwell3s@sohu.com,Bail Sidwell,gbLwJeabZw,North-East,,,,NL42 YDPN 0796 0704 59,5,full_timer,71088 Oak Valley Trail,t
anendick3v@hostgator.com,Aldwin Nendick,udJZrfc,North-East,,,,CR06 1935 3323 4050 2932 1,5,full_timer,95351 Hudson Terrace,t
npressland3x@latimes.com,Nikolaos Pressland,nAvtSxD,North,,,,GI05 NRTY 9KUU T7XS FWIB EBB,5,full_timer,2 Goodland Trail,f
ekinnear3y@nydailynews.com,Ewart Kinnear,W1obn6XKPMjk,West,,,,ES94 5647 9566 4812 3125 4773,5,full_timer,1091 Hoard Trail,f
nburchnall40@vinaora.com,Napoleon Burchnall,gQSC7mK,West,,,,CH88 6159 0KWB YFMS 0MEW Y,5,full_timer,85 Portage Road,f
fbruneau42@twitpic.com,Fredrick Bruneau,GOp9P7J,Central,,,,PS19 EOLM LDTY 0AHW HNRZ 6C3U VHQX K,5,full_timer,63102 Sunnyside Park,t
afairbrace43@omniture.com,Anne-corinne Fairbrace,KSLGBbDT,North-East,,,,AZ25 RJHN P0RP K7ZJ 6SPC OHXF RESV,5,full_timer,90 Westend Place,f
bhaucke44@geocities.jp,Beulah Haucke,L3lZbjQS0,North-East,,,,AZ20 FUQW BZYD DRXE RAYO XJDN KCGL,5,full_timer,94926 Stone Corner Junction,f
adimmack46@nydailynews.com,Alma Dimmack,gzaZHZ,East,,,,MT91 EUMQ 1350 2S9R 03CI GUH3 JNFR XD0,5,full_timer,967 Darwin Parkway,f
cmacmenamin47@printfriendly.com,Celine MacMenamin,EAX1uQpx2r,North-East,,,,MC12 5576 7852 43UF WVBL GZAJ L16,5,full_timer,4220 Warrior Way,f
bthebes48@dailymail.co.uk,Brock Thebes,v3LOD2JmN2R,North-East,,,,SE79 7847 0685 8705 1024 1274,5,full_timer,27917 Oakridge Street,t
vkristoffersen49@bloomberg.com,Vern Kristoffersen,sGDhZD3fTXgZ,North,,,,IS35 7813 0467 1402 5366 0085 74,5,full_timer,05009 Moose Plaza,f
echecchi4a@cisco.com,Everett Checchi,v81SB1dyHGN5,North-East,,,,MT35 LLRZ 5895 7GFT RTUN DJSG SDH0 1JU,5,full_timer,930 Waywood Drive,f
pharner4d@ca.gov,Patten Harner,95ZrFois,West,,,,AL61 6137 6827 EXJF 65D9 ETMW HI8V,5,full_timer,17358 Sullivan Junction,t
barnison4e@xrea.com,Birgit Arnison,Ki1yvbRns888,North-East,,,,AL64 5575 8698 YXSM Q869 D0V4 MLDJ,5,full_timer,558 Atwood Alley,f
nmillberg4f@theglobeandmail.com,Nana Millberg,ec6IXqej,North,,,,FR80 1196 0607 39NV GGC5 GOJA 863,5,full_timer,6950 Hansons Court,f
apain4g@livejournal.com,Aidan Pain,Lm8tq200,West,,,,RS08 7737 1795 5318 2759 23,5,full_timer,83 Jenna Terrace,f
mfotherby4m@hud.gov,Matthieu Fotherby,pD83njs,North-East,,,,GB14 PUAC 7750 2019 0524 30,5,full_timer,31 Rutledge Street,t
dragsdall4r@usatoday.com,Delcine Ragsdall,NXMubr1,East,,,,SI16 4538 0231 9572 496,5,full_timer,77761 Mockingbird Plaza,f
mmacronald4w@psu.edu,Mitchael MacRonald,oXpGiNYBD3Vx,Central,,,,CY40 7492 5794 1NSY QTEP XEPR OKTX,5,full_timer,94242 Farmco Parkway,t
agatheral4x@ezinearticles.com,Addia Gatheral,VdJPJ9F,West,,,,PL07 4485 3806 8222 5225 5623 9644,5,full_timer,25811 Northfield Terrace,t
lmacias4z@umn.edu,Lorine Macias,sq4TbJXcV,West,,,,NL02 HLED 7155 5461 09,5,full_timer,7 Burning Wood Place,t
mbarca51@etsy.com,Marin Barca,V0W9nTDsKgY6,West,,,,AD18 7677 2761 MSEB ZDKG ZZHQ,5,full_timer,73 Kenwood Lane,t
arevening53@lycos.com,Armin Revening,II4Ptj3z4r,North-East,,,,LI83 1147 2QY2 MDZA CSKV W,5,full_timer,8 Colorado Way,t
dhawyes54@webmd.com,Delaney Hawyes,1stQbRR,North,,,,FR51 2702 3369 29LS FFGY RBJS H44,5,full_timer,9 Anthes Street,t
ccodner56@irs.gov,Clarabelle Codner,cDoKjLcgOF0,West,,,,SK33 6881 8614 0554 5088 6120,5,full_timer,93 Miller Lane,f
gzambonini57@cocolog-nifty.com,Grace Zambonini,DqlKIkNq6c,West,,,,DO62 4EIC 7579 5450 4257 7997 5863,5,full_timer,9 Melvin Place,t
lswett5b@4shared.com,Lyndel Swett,9EfGuO4Z96N,West,,,,LU79 416E DTZP 6USO ASHB,5,full_timer,9073 Birchwood Drive,f
npowers5d@hugedomains.com,Nevil Powers,FHIuCFtZ,West,,,,TR23 8299 0MTL V0SL SFN8 7DTI FV,5,full_timer,5 Parkside Lane,t
mmonkton5e@posterous.com,Melinde Monkton,lz7Zte,West,,,,SM35 O872 8886 6228 HYRF EE1P BIW,5,full_timer,6 Bartillon Terrace,f
lofen5g@freewebs.com,Lammond Ofen,YPbSULWhz1bk,North-East,,,,FR57 6984 2191 91YT OHEK AU1M R64,5,full_timer,8 Luster Drive,t
edunkerton5q@rakuten.co.jp,Elfrieda Dunkerton,7YUQMqf,West,,,,MC41 0396 2936 12OR SOOX U8JT V48,5,full_timer,6191 Heath Drive,t
agracey5u@elegantthemes.com,Adrien Gracey,O88i8vQELM,North-East,,,,FR64 5859 3948 26CB OT7E Z1HJ U89,5,full_timer,2 Cottonwood Junction,f
giacovini5w@barnesandnoble.com,Glendon Iacovini,SJ9Gxm,North,,,,SK27 9705 9290 3599 0543 8700,5,full_timer,1 Morning Way,t
kpetrie5z@bbc.co.uk,Kelly Petrie,O0018Lfe,North,,,,KZ98 926G SLHZ W35C QQ0I,5,full_timer,85 Corben Road,f
ntitterrell60@miitbeian.gov.cn,Nora Titterrell,m5pPMnI,West,,,,FR70 5289 7326 93VE UGRD 1IIK U02,5,full_timer,5405 Bartillon Court,f
kfrenchum61@cnet.com,Karole Frenchum,utRMGa8,North,,,,MT38 SNNN 1908 7FDM WDOQ RXGT SKCA ILG,5,full_timer,42 Fairview Drive,f
nlealle63@state.gov,Nellie Lealle,b2v2jlaHqYtI,North,,,,KW28 SWMG SKEH NJ6Q 080A AZXP 0WRG DC,5,full_timer,65 Morningstar Road,f
smarcos64@mysql.com,Stepha Marcos,vT4wYe39L,East,,,,SK29 9916 2774 8054 4162 3713,5,full_timer,901 Hermina Court,f
nkensy66@baidu.com,Ninnette Kensy,g6sJNb,West,,,,AE18 8251 3045 2570 1279 624,5,full_timer,4306 Bellgrove Plaza,f
tpeploe67@deliciousdays.com,Trey Peploe,6mWveQyqxocN,West,,,,AD28 5723 3403 QKNK DO5W Q6VF,5,full_timer,9 Delaware Avenue,t
mshaddick68@aol.com,Molly Shaddick,xmIIbN9r,North,,,,RO36 DEJV MTM7 ZJT5 32TO DA05,5,full_timer,10179 Fremont Court,t
hcharles69@java.com,Heinrick Charles,QZp3f6uQ,East,,,,GI54 EQCE Z3WR ONVK CF1I GIL,5,full_timer,35 Victoria Alley,t
ctoffoloni6c@ca.gov,Christean Toffoloni,fcLk87RTMMH,West,,,,CZ13 3797 3143 5464 9905 5767,5,full_timer,77262 Scoville Point,t
hgimblet6d@1688.com,Heda Gimblet,M61oG6XNPs,West,,,,FR10 9869 9751 32O6 ECEC OVAI B82,5,full_timer,4 Division Center,f
sokeshott6e@chron.com,Sigfrid Okeshott,LfNY5t,West,,,,EE96 3224 8277 1036 9942,5,full_timer,9 Lotheville Parkway,f
rbernette6g@bloglovin.com,Robenia Bernette,kkcm5j,West,,,,DO57 SNDG 4832 4117 1387 0481 0282,5,full_timer,88645 Twin Pines Junction,f
gchessell6h@hp.com,Garvy Chessell,asETnBYA,North-East,,,,DE68 4898 9053 5775 1568 68,5,full_timer,977 Ronald Regan Road,t
gneild6j@yellowpages.com,Gard Neild,0uxWcw,East,,,,FR69 2233 6660 73ND K9OL FLYO B09,5,full_timer,626 Butterfield Alley,t
akobelt6k@indiatimes.com,Adiana Kobelt,XTWrFlMx,North-East,,,,MT82 FBFY 8069 7BCO IBXV ICUA AAPD WGY,5,full_timer,3886 Farwell Plaza,t
aansill6l@addtoany.com,Adrea Ansill,sVdd38HYeo5F,West,,,,AE28 2505 0339 7286 7969 063,5,full_timer,6 Harper Parkway,t
fwemes6m@jimdo.com,Ferdinanda Wemes,aPtf7swe,West,,,,PS72 BOZT PD6F RQR0 VQSR XPTH DHUD H,5,full_timer,64932 East Road,t
tjellico6q@purevolume.com,Tootsie Jellico,b6PFYfwq,West,,,,FR84 1331 8938 527T OHZ9 E6US O74,5,full_timer,0 Declaration Way,f
rdoddemeede6r@naver.com,Randi Doddemeede,SDPhdo,North,,,,IL08 5082 7283 6179 3300 680,5,full_timer,53 Spaight Terrace,t
rjoyson6t@msn.com,Ruttger Joyson,FKKIV2QTw,West,,,,FO71 8649 2407 4857 30,5,full_timer,95756 Dapin Crossing,f
sdisbrey6u@nydailynews.com,Standford Disbrey,NpZTdBpIQ2N,West,,,,VG31 MXDQ 6969 3572 6173 9009,5,full_timer,2 Superior Center,f
blamberti6v@nps.gov,Binky Lamberti,GJXhV1B1o,East,,,,SE82 0031 6608 6479 2966 1641,5,full_timer,932 Carberry Circle,f
stissiman6x@ucoz.com,Shoshana Tissiman,zp6Mna0XYp,East,,,,FR62 6348 1454 47OM 4YWQ G1NE L35,5,full_timer,8 Marcy Center,t
bstodit70@spiegel.de,Blinni Stodit,0A8j33T3pPQ,North-East,,,,FI70 7271 0979 9854 85,5,full_timer,80990 Northport Alley,f
dnutman74@nature.com,Diane-marie Nutman,fozZRbnc,Central,,,,SM59 J102 9993 682I YUE1 5XGD 3NW,5,full_timer,99 Fordem Road,t
gstanesby75@technorati.com,Gaylord Stanesby,Rrd4ENrIMwNH,West,,,,FR53 2153 2076 87PK CNZV YS2N E31,5,full_timer,51700 Upham Lane,f
csugars76@vk.com,Clint Sugars,drUNgVRF,East,,,,CY65 6163 2220 1SMP HHUT CELT ZRZQ,5,full_timer,4 Rusk Hill,t
gleeder78@nationalgeographic.com,Gonzales Leeder,tFGbk27AHirN,West,,,,TR58 6803 8SJ6 MCUJ 6LSP SELZ OW,5,full_timer,7990 Upham Alley,t
eroose79@washington.edu,Eydie Roose,cn3qVOr5WK,North-East,,,,FI94 7120 8670 9696 77,5,full_timer,1837 Delladonna Plaza,t
cseel7a@slate.com,Christa Seel,doNrGfDgCR1d,West,,,,ES08 2636 4831 5862 9922 7080,5,full_timer,58280 Sachtjen Road,t
pmounce7b@mozilla.com,Paulie Mounce,HGik8bDrHJ2,West,,,,BE24 2559 2800 0085,5,full_timer,01 Portage Trail,f
jpeffer7c@merriam-webster.com,Janessa Peffer,9rQpguFio,North,,,,CY39 4029 0293 YPZ1 ZWJC CHXW CKUB,5,full_timer,3551 Thierer Terrace,f
bguesford7e@berkeley.edu,Boote Guesford,XXjWtjdxIe,North,,,,MC52 6119 5744 84LU O8OH UQBW R12,5,full_timer,67 Hanson Hill,f
pfeye7g@acquirethisname.com,Pennie Feye,smWJjFb,Central,,,,AZ57 JTYW GMF0 RPOY 1ZPD UNXV 7MM6,5,full_timer,8 Carioca Center,f
vronald7i@deviantart.com,Vance Ronald,5whIwY2,Central,,,,DE82 7218 3741 6122 0501 26,5,full_timer,064 Holy Cross Crossing,f
slaskey7m@unicef.org,Svend Laskey,weQcX5,North-East,,,,MR17 0665 0268 2853 6494 1140 355,5,full_timer,35351 Delladonna Junction,t
hcorssen7o@discuz.net,Harris Corssen,WaNRg8swGOW,North-East,,,,GL08 6200 3723 7539 84,5,full_timer,339 American Ash Drive,f
pireson7r@reverbnation.com,Pebrook Ireson,206Efs6T,West,,,,PS58 GRRR BYUE ANLJ SVR5 51LN FIC5 H,5,full_timer,63 Maple Lane,f
tcassell7t@odnoklassniki.ru,Thorvald Cassell,KIl8ixPlwV8I,West,,,,ME63 0922 5610 6307 7656 90,5,full_timer,589 Becker Center,t
fdibdale7u@technorati.com,Florri Dibdale,Oqw2QkpJseA,North,,,,GT36 AHNW 2FQE UUTQ TSHR P7GG MCLI,5,full_timer,913 John Wall Drive,t
esaul7x@vkontakte.ru,Erl Saul,rnZSTOwh,East,,,,LU20 325L 0PBP U16U GZOZ,5,full_timer,0613 Northland Lane,f
mwapples7y@altervista.org,Mannie Wapples,qohKtgiOvno,North,,,,FR39 8387 8391 46Q2 CGYS EEZU J68,5,full_timer,2623 Pleasure Court,f
bcruess7z@msu.edu,Bucky Cruess,1IHHk0mF1wE,East,,,,PT45 1374 7090 5468 6924 4154 8,5,full_timer,0 Northfield Plaza,f
nbraddock80@amazon.de,Nicolas Braddock,oTXmzKAU,West,,,,AZ21 ICBQ 8USU UEKF 8KXI FFY4 X8GD,5,full_timer,306 Pawling Street,t
bgerram81@github.io,Basia Gerram,wwKnpz,West,,,,CR17 9029 2400 6751 6554 0,5,full_timer,5 Green Place,f
rsheward82@marketwatch.com,Raf Sheward,YG8gdgCYlRQP,North-East,,,,EE43 9432 7237 3059 5343,5,full_timer,4877 Randy Road,t
neborn84@rediff.com,Nev Eborn,wTQVfm,West,,,,FO19 6814 8902 0960 54,5,full_timer,573 Shelley Circle,f
cmacak85@xrea.com,Celestia Macak,ty2DcCk,West,,,,NO06 1154 9857 347,5,full_timer,06 Myrtle Way,f
kraspison88@ustream.tv,Kevan Raspison,v3ioDbFy,West,,,,GR53 3264 222A IFKC KRHI JYRO YUP,5,full_timer,41 Leroy Drive,t
cembery89@jiathis.com,Caroline Embery,XhM7DmQ7IC4C,Central,,,,IL56 6084 5211 4722 2428 710,5,full_timer,90 Brown Lane,t
pannakin8c@linkedin.com,Philly Annakin,bjh8P6VX0,North-East,,,,ME06 3170 5170 7326 8896 48,5,full_timer,9615 Bayside Point,f
hchimes8g@mapy.cz,Heindrick Chimes,7mLH1AaOsDfM,East,,,,TN88 2792 7380 6076 6731 3552,5,full_timer,3 Charing Cross Way,t
brichardeau8i@tmall.com,Brod Richardeau,KqPhmKcb,North-East,,,,PK72 PSGB DS5S SWOO MIPJ 4S7X,5,full_timer,40 Heath Pass,t
lbampford8j@youku.com,Lissie Bampford,mp3l5E,West,,,,FR03 4534 0768 44WY JMCX FW0L H87,5,full_timer,9516 Nobel Drive,f
fgarner8l@delicious.com,Farrell Garner,AOOa3r2qcIuS,West,,,,BR08 9270 5655 2030 2046 6594 556T W,5,full_timer,02377 Sunfield Way,t
mtohill8m@mediafire.com,Marge Tohill,9fSJl2,East,,,,LV80 SWIY S8MI YG3S ELMQ A,5,full_timer,7 Atwood Road,f
kcastro8o@mtv.com,Kahlil Castro,LKWJoGKR0MN,West,,,,KW48 FKMV 1AHL OXDI QSZE NTAF RDKB LG,5,full_timer,77 Shopko Circle,f
lhaskett8p@deviantart.com,Levon Haskett,wqn9dshbpuo,West,,,,GT39 XQ0T YO3R G3VE HXNS BUMO 56BH,5,full_timer,699 Ramsey Road,f
aroly8s@issuu.com,Agata Roly,9G0LpDWxCGVR,West,,,,VG49 BQYX 2410 6839 3241 7258,5,full_timer,77 Quincy Avenue,f
kgilbertson8t@mit.edu,Kevyn Gilbertson,v1ivxPdEI,North-East,,,,DK60 4838 0703 0762 99,5,full_timer,300 Mcguire Park,t
mhawton8u@prweb.com,Maude Hawton,HrTtjV,North,,,,TN56 8314 8635 8755 0968 8219,5,full_timer,9850 Reinke Point,f
kgligoraci8y@bloomberg.com,Kassia Gligoraci,THinXMd0zw,West,,,,BE91 3063 0687 7239,5,full_timer,9774 Grover Terrace,t
rmccloud91@apache.org,Rudy McCloud,4PGQxI,North-East,,,,FR83 7421 8842 446N ZATS ON6N Q27,5,full_timer,0 Ramsey Road,f
ggeerits94@ucoz.com,Ginger Geerits,E8aaZfAXpAtS,North-East,,,,PT82 9593 9667 2220 3357 1573 4,5,full_timer,094 Manufacturers Center,t
gcussen95@bbb.org,Giulietta Cussen,vkhg7dw2,West,,,,AL80 8988 7891 OZOX QJQC 2ABR 49ES,5,full_timer,7 Doe Crossing Court,t
ngrierson96@guardian.co.uk,Norrie Grierson,Sv1XJkYfbNT,West,,,,CH32 7925 9XEP SPVQ PVTW H,5,full_timer,433 Hollow Ridge Street,f
ihandley97@patch.com,Ilene Handley,8vbUTJJ,East,,,,FR25 6204 5751 91SG 0TOK ZQTA V92,5,full_timer,00609 Mendota Drive,t
tde99@seesaa.net,Tommi De Clairmont,eSVQPWsEp,North-East,,,,PT70 4557 8289 8133 2585 7411 6,5,full_timer,30 Bultman Road,f
dcurl9a@xrea.com,Dorey Curl,GnlT6kOvi,Central,,,,GE45 ZS72 6801 3989 3494 01,5,full_timer,35 Monica Trail,t
esarfati9f@state.tx.us,Eirena Sarfati,dHHbRE5IHcP,West,,,,ME09 4352 0588 9158 5463 93,5,full_timer,747 Hintze Trail,t
pavrahamof9i@irs.gov,Padriac Avrahamof,3ZcUo4C4,North,,,,FO67 4325 7704 4631 88,5,full_timer,617 Clove Plaza,t
mkeely9j@arstechnica.com,Moishe Keely,lMomZX,West,,,,KZ79 9742 6EK0 IB5U 4V6A,5,full_timer,6 Paget Court,f
bsouth9l@umn.edu,Bertha South,mbDZGiSAd,North,,,,MD06 BN9X DZST 6SYW 311M N8JY,5,full_timer,70234 Magdeline Alley,f
vtipperton9n@clickbank.net,Van Tipperton,uJt6glejR,North-East,,,,FR26 1486 0984 37CG 6HN2 L50B Q77,5,full_timer,587 Haas Terrace,f
bsutterby9o@admin.ch,Bernadina Sutterby,vKrgcU5YEXIe,North-East,,,,GR68 8359 430N ARVW ZITC F3CM EE4,5,full_timer,36079 Birchwood Lane,t
pneilly9q@npr.org,Piper Neilly,0HYNwShzR,North-East,,,,IS05 8412 3492 4298 6995 0462 85,5,full_timer,4 Dakota Hill,t
hjennions9s@storify.com,Hilary Jennions,QHLOkToitw,West,,,,FR33 9404 7433 49OH CKFD KNUW O91,5,full_timer,60076 Harper Place,f
rpoulsum9u@shop-pro.jp,Rolfe Poulsum,bTGSt9c5hiPA,Central,,,,FR63 2297 9113 70XF N6AO POZK F47,5,full_timer,9913 Coleman Center,f
dpeaker9w@state.tx.us,Dion Peaker,uGqAlXBu,West,,,,FR75 5057 1515 23EP ACRN KXNR G87,5,full_timer,6002 Declaration Circle,f
gmclardie9x@github.io,Gabe McLardie,ofUfB7l3YhRj,East,,,,GE73 QX25 1742 6011 1711 44,5,full_timer,6070 Darwin Alley,t
iconibeara0@irs.gov,Innis Conibear,uXYiXzg4hu4O,North-East,,,,BG82 EPAM 0163 02ET NKQ4 HB,5,full_timer,4336 Red Cloud Center,f
kfyalla2@nature.com,Kennett Fyall,sAyr6q379rE,West,,,,SA63 08A7 L9MO 4WGM ZJW8 ECDI,5,full_timer,2746 Dunning Circle,f
amorita3@nymag.com,Andrei Morit,iCN2yAfl52,North,,,,SA76 35CO LBD6 ZEQM X4KI FMWM,5,full_timer,6177 Blackbird Terrace,f
cberkeleya5@theglobeandmail.com,Clemente Berkeley,CMjv4yatB,West,,,,FR83 4884 8118 34L0 INDR MULO Y47,5,full_timer,02626 Brown Street,f
ctourab@prnewswire.com,Clair Tour,tqGJJr,North-East,,,,RO84 GMDT 6NS1 HNBT BCNE D4UK,5,full_timer,06851 Hazelcrest Terrace,f
ltauntonaf@gnu.org,Lexis Taunton.,qWs8WWx,West,,,,AL87 7395 9500 VCGF CEJZ XVW5 PIVO,5,full_timer,2651 Roxbury Circle,t
tevittsag@google.cn,Trixie Evitts,vwW2zjaw1bH,West,,,,BA36 2766 4019 7309 1898,5,full_timer,7 Monterey Plaza,f
nblomfieldah@sitemeter.com,Nevins Blomfield,2hpc2WSNg,West,,,,AT97 9472 7812 0676 1816,5,full_timer,8163 Fremont Circle,t
rnormanellai@jimdo.com,Ronica Normanell,MUohin3fcWhs,West,,,,AL63 5294 1387 Y9R8 LUHI CBHP FN9R,5,full_timer,3 Graceland Street,t
aarnkeaj@histats.com,Alida Arnke,0iNUiIQ2kG0,West,,,,RS85 7285 4865 5310 1392 58,5,full_timer,50138 Tomscot Point,f
hcardelloak@google.com,Holden Cardello,ojxX8VWzVH,West,,,,MD46 SZWW JGTQ CRR7 8JS3 ZIYM,5,full_timer,2979 Logan Center,f
mgoodsiral@google.co.uk,Marga Goodsir,rdNgl7oELZA,West,,,,DK30 9642 4485 9135 14,5,full_timer,03444 Butterfield Plaza,t
lcappelam@parallels.com,Lanae Cappel,VXwHDX,North,,,,KW62 DKLA 8PS2 FVVT KH21 UGPL SJIU 7C,5,full_timer,55578 Messerschmidt Drive,f
apotteridgeaq@dagondesign.com,Amalia Potteridge,tXYMwzP2,West,,,,FO19 5994 0103 8605 53,5,full_timer,9532 Bultman Pass,t
rviantas@google.com.br,Raff Viant,Q9aTkBUg84,North-East,,,,PL72 0189 4934 5213 1286 2672 7910,5,full_timer,344 Ludington Alley,t
bughiat@wikia.com,Bernetta Ughi,8QFI7zroy,West,,,,AD81 4085 8487 W8KH ROSX IFUD,5,full_timer,776 Roxbury Terrace,f
dgorrissenau@businessinsider.com,Dennie Gorrissen,yLnq788RP,North-East,,,,CR89 9185 3574 7513 9017 8,5,full_timer,4240 Southridge Park,f
taptedaw@cdc.gov,Toni Apted,Kyk1sb,West,,,,VG48 RYZQ 3120 4758 5740 3814,5,full_timer,6188 Old Shore Road,t
sscreenax@japanpost.jp,Sabine Screen,zu3fLKW,West,,,,IT17 I424 4061 959I ABEA 6XY2 ZGW,5,full_timer,08 Dixon Center,t
jploseay@123-reg.co.uk,Julianna Plose,1prw62pXZPgV,West,,,,MK05 101X EADJ SC2P M59,5,full_timer,0 Russell Pass,t
adurnillb1@indiegogo.com,Alistair Durnill,VWlApjtA,West,,,,GB89 QCNX 6918 3550 3482 99,5,full_timer,729 Sheridan Road,t
rdiehnb3@networkadvertising.org,Renard Diehn,MtF5nLxjzFg,West,,,,BR65 4367 4057 1179 3145 8674 813K T,5,full_timer,663 Pond Street,f
edallicottb4@cloudflare.com,Esteban Dallicott,0tFpwD4kP,West,,,,DO54 X0IW 8575 7601 6657 4146 9955,5,full_timer,041 Moulton Plaza,t
rildenb5@51.la,Rossie Ilden,tqlBta,North,,,,FR44 9156 0798 60DE X0GV MGMM 657,5,full_timer,5 Brown Street,f
aledgardb7@bandcamp.com,Adlai Ledgard,xZCg9OW2,North-East,,,,AD25 7212 1636 4CGH 46VD E1UL,5,full_timer,8570 Namekagon Parkway,t
lmcgreilb9@dmoz.org,Lottie McGreil,d33LX6C,North-East,,,,AZ17 YFDI TDQE MZ1K VMM7 KLXA 9CH4,5,full_timer,02 Barnett Pass,f
rheathwoodbb@domainmarket.com,Rorie Heathwood,DfFDjERS,West,,,,FR64 8244 2635 85D7 MRUI TYJH U95,5,full_timer,101 Kedzie Lane,f
lgatehousebd@php.net,Lelah Gatehouse,2TOxGz95,West,,,,MR79 9775 9039 9513 9520 1875 779,5,full_timer,646 Vermont Avenue,f
epeckbe@printfriendly.com,Esta Peck,HL3gT7Go1,North-East,,,,DE65 7059 7154 8052 6549 91,5,full_timer,53 Erie Circle,t
sfooksbf@archive.org,Stanton Fooks,u10yPoctmr,North,,,,MD43 05ZK MXQM 1LIU MKVH ITIL,5,full_timer,65 Sutteridge Center,f
vlittledykebh@state.gov,Virginia Littledyke,aXLswE,West,,,,PK69 SEWR JZHM NPKI SLLS UBJG,5,full_timer,3 Moulton Parkway,f
choldinbi@squarespace.com,Cissy Holdin,NFnBZzQEjhD0,West,,,,CH96 9192 4FHQ QJXN 4WDO W,5,full_timer,269 3rd Center,t
sgarmsbj@dell.com,Salmon Garms,L96VFi7V,East,,,,MU56 IUXH 8372 3465 2796 1398 174U YM,5,full_timer,57717 Lake View Trail,t
bgammillbk@bandcamp.com,Bone Gammill,PCfgkt,West,,,,CY82 8426 6932 LAL5 B1AW WLDU 04WF,5,full_timer,31 Del Sol Drive,t
atraisebl@huffingtonpost.com,Adriana Traise,tyiIeNpS8RRc,North-East,,,,GE65 CV01 1666 1632 8933 10,5,full_timer,3512 Vidon Court,t
rvobesbo@blogtalkradio.com,Rolf Vobes,QHcWsg423dSe,West,,,,CR81 8047 5114 0861 8810 5,5,full_timer,764 Weeping Birch Parkway,t
rswindellsbq@pen.io,Ring Swindells,3u2ghoFK,West,,,,IS88 0362 3729 9325 2211 8194 14,5,full_timer,753 Garrison Pass,f
lklimesbr@cmu.edu,Leta Klimes,wz3XPAphHc8,West,,,,SK21 2947 3604 7113 2057 8287,5,full_timer,90087 Sunfield Place,f
abrentnallbu@bloglines.com,Anabella Brentnall,B4MxERehcO1v,North,,,,BG15 BQEB 2119 56LG BOJV PV,5,full_timer,864 Acker Park,t
ereddybx@washingtonpost.com,Emmeline Reddy,KXsojD5nung,East,,,,TR58 5170 992S 5ARG S9AZ CL9B GJ,5,full_timer,122 Kropf Junction,f
acrossinghamby@wikia.com,Antony Crossingham,Hp2D54J2,West,,,,FR81 2930 9209 7058 HTFF TCXW Q15,5,full_timer,636 Oak Valley Place,t
pivensc1@t.co,Pincas Ivens,ig6l6mi5WB,North-East,,,,HR63 0891 5656 8625 7412 7,5,full_timer,168 Maryland Plaza,t
cvardeyc2@baidu.com,Curtis Vardey,0hzOATUsyN4,Central,,,,SA83 31QR Y7WD 4STQ GHJR GJ7R,5,full_timer,5 Sutteridge Junction,f
kbaddileyc5@shutterfly.com,Klara Baddiley,yGPEwy9g,North-East,,,,MT77 UESF 6825 1W0K D1Z5 VLL3 IB7H MSS,5,full_timer,29 Fulton Road,f
tclawc8@sogou.com,Tremayne Claw,lOs3TZ,North,,,,MK36 1147 SCUA SVXA P58,5,full_timer,2863 Carey Trail,t
pgoadyc9@dailymail.co.uk,Peri Goady,jb8Qlh,West,,,,AT74 0874 5084 0045 3542,5,full_timer,3841 West Way,t
hoxerca@ovh.net,Herculie Oxer,RXA6rr6wCMw,Central,,,,FI67 4234 6492 2294 83,5,full_timer,57184 Packers Terrace,t
nespinoscb@a8.net,Nilson Espinos,fzqiZ2e6qm,West,,,,FR23 7190 4063 5425 NTZG WJCP I82,5,full_timer,45 1st Place,t
phebdoncc@huffingtonpost.com,Pavia Hebdon,HNgZsM4peczJ,West,,,,BG75 TUAA 9281 792R N4OT AS,5,full_timer,59 Old Gate Way,t
kkoopmancd@redcross.org,Kellina Koopman,nZ3vRgXk,East,,,,KZ65 7411 PXO1 PDC8 TALL,5,full_timer,9621 Johnson Lane,f
rologhlencf@springer.com,Rey O'Loghlen,FrtlNRFY,Central,,,,FI86 0627 0219 2917 24,5,full_timer,8277 Declaration Point,t
cmcsarryci@timesonline.co.uk,Cletis Mcsarry,VZMycLdf4Nw,West,,,,PS50 EMLL GYCD DY7H WMZR XJDM I5XH K,5,full_timer,3084 Reinke Alley,f
shavvockck@behance.net,Shawna Havvock,ofdRMtxnD,North-East,,,,FR84 8256 6866 57TG IRW4 NF4V X22,5,full_timer,6 Fuller Lane,t
kegecl@free.fr,Kania Ege,ZnNsTpUjG2,West,,,,AZ70 ADBA OZDN UGM4 DSBB 5LXQ NZGO,5,full_timer,592 North Center,f
iwinnettcm@google.com.au,Izabel Winnett,7vPINQMwNTmi,West,,,,LI20 9616 39LB 9SDP 8P9Y N,5,full_timer,2279 Old Shore Alley,t
degancp@va.gov,De Egan,NCfUEYyKP,West,,,,GL68 2946 3500 7783 03,5,full_timer,0 Gale Point,f
shubycq@cpanel.net,Shelli Huby,bDXfeNJue,West,,,,LU29 779J NS6F GTZX YSMA,5,full_timer,6702 Banding Parkway,t
rgranleesecu@surveymonkey.com,Ruth Granleese,hlJeHMHfWA90,East,,,,SE02 6914 6417 9038 1366 3815,5,full_timer,64 Hudson Terrace,f
rtowlercw@webeden.co.uk,Rhett Towler,3txnMiDwKrx,West,,,,IT48 G155 5841 563W ZLN4 VJTY VY3,5,full_timer,9331 Corscot Avenue,t
spetersency@blogspot.com,Skye Petersen,LYWIUt,North-East,,,,AT46 7822 9154 4445 3527,5,full_timer,569 Melody Lane,f
cmayesd0@geocities.com,Cynde Mayes,SXeegnx,West,,,,KZ76 608N CNKC L9N6 GUOY,5,full_timer,2363 Lake View Junction,t
ekidmand5@cloudflare.com,Emelina Kidman,yPoKQxa77Rd,West,,,,BH74 OWWA Z0LW K3QT LV9I QM,5,full_timer,879 Goodland Street,f
ahorlickd6@sitemeter.com,Agnesse Horlick,ArpRFdh1X3Ud,North-East,,,,FR07 4397 7963 36HQ QE6L D6UB H48,5,full_timer,2782 Merrick Avenue,f
cdwyerd7@mashable.com,Colette Dwyer,Rqu214t3,Central,,,,CR03 4171 8953 8700 5676 7,5,full_timer,849 Novick Court,t
tdugand8@java.com,Timoteo Dugan,5TT7qOII8WM,West,,,,LT25 6724 0494 2991 8373,5,full_timer,26127 Welch Trail,f
dmoxtedd9@lulu.com,Denney Moxted,VSl5qshB,North,,,,LI97 9864 3WZ7 IUZW D8YQ V,5,full_timer,6373 Ohio Drive,f
ehurchdd@fastcompany.com,Enrique Hurch,1sN9PZ49,Central,,,,MR12 7677 6151 2275 6823 1808 085,5,full_timer,5613 Bowman Hill,f
tosullivandf@infoseek.co.jp,Thibaut O'Sullivan,VUOHZy,North-East,,,,FR18 7320 3080 07FE RQBF VBT5 O77,5,full_timer,5 Fuller Crossing,f
fgarmentdi@g.co,Fleurette Garment,tBM36EgCfn,West,,,,FR52 1121 6903 467U JGYV XNZU X42,5,full_timer,2 Fordem Point,t
cmcbeathdj@freewebs.com,Caroline McBeath,j1kmCuhCIAOZ,West,,,,GB45 VGLT 0895 7999 7872 59,5,full_timer,429 Melvin Way,f
tjaksicdk@privacy.gov.au,Tersina Jaksic,yb0u0L3DS,North,,,,NO40 4483 8369 406,5,full_timer,9 Loeprich Plaza,t
arudledgedl@businessinsider.com,Aridatha Rudledge,6sh0QX,West,,,,ME89 6955 9232 7272 9759 39,5,full_timer,3 Raven Way,t
bkollasdm@usgs.gov,Bartie Kollas,kQAEwfP5LM,North-East,,,,BH78 XVIW G6XE B8LW B6ZI QY,5,full_timer,6118 Banding Trail,t
riggodn@mysql.com,Rolf Iggo,nN5CZD,West,,,,IT47 X393 0929 959N GMOS KHNN OT6,5,full_timer,801 Bobwhite Center,f
sespinhodp@exblog.jp,See Espinho,0m0xu7iJYJP,North-East,,,,GI08 YVTX MQSF TKUR ALDC SXS,5,full_timer,058 Twin Pines Drive,f
